category,run_name,scenario,topk,loss,lambda,kappa,omega,mu_transform,best_val_metric,test_sharpe
hyperparameter_grid,loss=return__gamma=10.0__kappa=0.0__omega=identity__mu=zscore,standard,200,return,10.0,0.0,identity,zscore,0.19526446311501786,
hyperparameter_grid,loss=return__gamma=10.0__kappa=0.1__omega=diagSigma__mu=zscore,standard,200,return,10.0,0.1,diagSigma,zscore,0.1431548646418378,
hyperparameter_grid,loss=return__gamma=10.0__kappa=0.1__omega=identity__mu=zscore,standard,200,return,10.0,0.1,identity,zscore,0.29446712480857967,
hyperparameter_grid,loss=return__gamma=10.0__kappa=1.0__omega=diagSigma__mu=zscore,standard,200,return,10.0,1.0,diagSigma,zscore,0.25637542401673274,
hyperparameter_grid,loss=return__gamma=10.0__kappa=1.0__omega=identity__mu=zscore,standard,200,return,10.0,1.0,identity,zscore,0.1955035984166898,
hyperparameter_grid,loss=return__gamma=20.0__kappa=0.0__omega=identity__mu=zscore,standard,200,return,20.0,0.0,identity,zscore,0.12207021699578036,
hyperparameter_grid,loss=return__gamma=20.0__kappa=0.1__omega=diagSigma__mu=zscore,standard,200,return,20.0,0.1,diagSigma,zscore,0.20226241361815483,
hyperparameter_grid,loss=return__gamma=20.0__kappa=0.1__omega=identity__mu=zscore,standard,200,return,20.0,0.1,identity,zscore,0.17967490016017107,
hyperparameter_grid,loss=return__gamma=20.0__kappa=1.0__omega=diagSigma__mu=zscore,standard,200,return,20.0,1.0,diagSigma,zscore,0.154194991546683,
hyperparameter_grid,loss=return__gamma=20.0__kappa=1.0__omega=identity__mu=zscore,standard,200,return,20.0,1.0,identity,zscore,0.2004810765851289,
hyperparameter_grid,loss=return__gamma=5.0__kappa=0.0__omega=identity__mu=zscore,standard,200,return,5.0,0.0,identity,zscore,0.16023539204470583,
hyperparameter_grid,loss=return__gamma=5.0__kappa=0.1__omega=diagSigma__mu=zscore,standard,200,return,5.0,0.1,diagSigma,zscore,0.195731338619953,
hyperparameter_grid,loss=return__gamma=5.0__kappa=0.1__omega=identity__mu=zscore,standard,200,return,5.0,0.1,identity,zscore,0.2349009599420242,
hyperparameter_grid,loss=return__gamma=5.0__kappa=1.0__omega=diagSigma__mu=zscore,standard,200,return,5.0,1.0,diagSigma,zscore,0.20316666655198787,
hyperparameter_grid,loss=return__gamma=5.0__kappa=1.0__omega=identity__mu=zscore,standard,200,return,5.0,1.0,identity,zscore,0.22333715348504482,
hyperparameter_grid,loss=sharpe__gamma=10.0__kappa=0.0__omega=identity__mu=zscore,standard,200,sharpe,10.0,0.0,identity,zscore,0.5777505268400192,
hyperparameter_grid,loss=sharpe__gamma=10.0__kappa=0.1__omega=diagSigma__mu=zscore,standard,200,sharpe,10.0,0.1,diagSigma,zscore,0.5739504498496277,
hyperparameter_grid,loss=sharpe__gamma=10.0__kappa=0.1__omega=identity__mu=zscore,standard,200,sharpe,10.0,0.1,identity,zscore,0.6635948686098386,
hyperparameter_grid,loss=sharpe__gamma=10.0__kappa=1.0__omega=diagSigma__mu=zscore,standard,200,sharpe,10.0,1.0,diagSigma,zscore,1.1994984228661094,
hyperparameter_grid,loss=sharpe__gamma=10.0__kappa=1.0__omega=identity__mu=zscore,standard,200,sharpe,10.0,1.0,identity,zscore,1.255298199151246,
hyperparameter_grid,loss=sharpe__gamma=20.0__kappa=0.0__omega=identity__mu=zscore,standard,200,sharpe,20.0,0.0,identity,zscore,0.7242230159324234,
hyperparameter_grid,loss=sharpe__gamma=20.0__kappa=0.1__omega=diagSigma__mu=zscore,standard,200,sharpe,20.0,0.1,diagSigma,zscore,0.9858707351258864,
hyperparameter_grid,loss=sharpe__gamma=20.0__kappa=0.1__omega=identity__mu=zscore,standard,200,sharpe,20.0,0.1,identity,zscore,1.1629617293114656,
hyperparameter_grid,loss=sharpe__gamma=20.0__kappa=1.0__omega=diagSigma__mu=zscore,standard,200,sharpe,20.0,1.0,diagSigma,zscore,0.9000239524097322,
hyperparameter_grid,loss=sharpe__gamma=20.0__kappa=1.0__omega=identity__mu=zscore,standard,200,sharpe,20.0,1.0,identity,zscore,1.214943236865301,
hyperparameter_grid,loss=sharpe__gamma=5.0__kappa=0.0__omega=identity__mu=zscore,standard,200,sharpe,5.0,0.0,identity,zscore,0.6332041961045832,
hyperparameter_grid,loss=sharpe__gamma=5.0__kappa=0.1__omega=diagSigma__mu=zscore,standard,200,sharpe,5.0,0.1,diagSigma,zscore,0.4118504655083345,
hyperparameter_grid,loss=sharpe__gamma=5.0__kappa=0.1__omega=identity__mu=zscore,standard,200,sharpe,5.0,0.1,identity,zscore,1.0015084873296647,
hyperparameter_grid,loss=sharpe__gamma=5.0__kappa=1.0__omega=diagSigma__mu=zscore,standard,200,sharpe,5.0,1.0,diagSigma,zscore,1.4186437551363276,
hyperparameter_grid,loss=sharpe__gamma=5.0__kappa=1.0__omega=identity__mu=zscore,standard,200,sharpe,5.0,1.0,identity,zscore,1.2225476766966694,
hyperparameter_grid,loss=utility__gamma=10.0__kappa=0.0__omega=identity__mu=zscore,standard,200,utility,10.0,0.0,identity,zscore,0.012216989185253626,
hyperparameter_grid,loss=utility__gamma=10.0__kappa=0.1__omega=diagSigma__mu=zscore,standard,200,utility,10.0,0.1,diagSigma,zscore,0.08009102180658374,
hyperparameter_grid,loss=utility__gamma=10.0__kappa=0.1__omega=identity__mu=zscore,standard,200,utility,10.0,0.1,identity,zscore,-0.027676521171815696,
hyperparameter_grid,loss=utility__gamma=10.0__kappa=1.0__omega=diagSigma__mu=zscore,standard,200,utility,10.0,1.0,diagSigma,zscore,0.1672741195652634,
hyperparameter_grid,loss=utility__gamma=10.0__kappa=1.0__omega=identity__mu=zscore,standard,200,utility,10.0,1.0,identity,zscore,0.10725602077436633,
hyperparameter_grid,loss=utility__gamma=20.0__kappa=0.0__omega=identity__mu=zscore,standard,200,utility,20.0,0.0,identity,zscore,-0.06485885705333204,
hyperparameter_grid,loss=utility__gamma=20.0__kappa=0.1__omega=diagSigma__mu=zscore,standard,200,utility,20.0,0.1,diagSigma,zscore,0.031742621189914645,
hyperparameter_grid,loss=utility__gamma=20.0__kappa=0.1__omega=identity__mu=zscore,standard,200,utility,20.0,0.1,identity,zscore,0.007074135466245934,
hyperparameter_grid,loss=utility__gamma=20.0__kappa=1.0__omega=diagSigma__mu=zscore,standard,200,utility,20.0,1.0,diagSigma,zscore,0.0424220394808799,
hyperparameter_grid,loss=utility__gamma=20.0__kappa=1.0__omega=identity__mu=zscore,standard,200,utility,20.0,1.0,identity,zscore,0.03953601514222101,
hyperparameter_grid,loss=utility__gamma=5.0__kappa=0.0__omega=identity__mu=zscore,standard,200,utility,5.0,0.0,identity,zscore,0.04097901513159741,
hyperparameter_grid,loss=utility__gamma=5.0__kappa=0.1__omega=diagSigma__mu=zscore,standard,200,utility,5.0,0.1,diagSigma,zscore,0.05422210759716109,
hyperparameter_grid,loss=utility__gamma=5.0__kappa=0.1__omega=identity__mu=zscore,standard,200,utility,5.0,0.1,identity,zscore,0.08070620566868456,
hyperparameter_grid,loss=utility__gamma=5.0__kappa=1.0__omega=diagSigma__mu=zscore,standard,200,utility,5.0,1.0,diagSigma,zscore,0.03469049131454085,
hyperparameter_grid,loss=utility__gamma=5.0__kappa=1.0__omega=identity__mu=zscore,standard,200,utility,5.0,1.0,identity,zscore,0.1335380184580572,
universe_sweep,topk=21__loss=return__gamma=5.0__kappa=1.0__omega=diagSigma__mu=zscore,standard,21,return,5.0,1.0,diagSigma,zscore,0.2616695000440814,1.276190738729977
universe_sweep,topk=21__loss=sharpe__gamma=20.0__kappa=1.0__omega=identity__mu=zscore,standard,21,sharpe,20.0,1.0,identity,zscore,0.8423578321037737,1.0335894178116625
universe_sweep,topk=21__loss=utility__gamma=10.0__kappa=1.0__omega=diagSigma__mu=zscore,standard,21,utility,10.0,1.0,diagSigma,zscore,0.11511447450611739,0.8944553434178159
universe_sweep,topk=24__loss=return__gamma=5.0__kappa=1.0__omega=diagSigma__mu=zscore,standard,24,return,5.0,1.0,diagSigma,zscore,0.24632913414388896,1.1902716465701308
universe_sweep,topk=24__loss=sharpe__gamma=20.0__kappa=1.0__omega=identity__mu=zscore,standard,24,sharpe,20.0,1.0,identity,zscore,0.9251671858899917,1.1932194987934919
universe_sweep,topk=24__loss=utility__gamma=10.0__kappa=1.0__omega=diagSigma__mu=zscore,standard,24,utility,10.0,1.0,diagSigma,zscore,0.09341084150364623,1.1285712585273315
universe_sweep,topk=34__loss=return__gamma=5.0__kappa=1.0__omega=diagSigma__mu=zscore,standard,34,return,5.0,1.0,diagSigma,zscore,0.22076976714888585,1.4582889267350585
universe_sweep,topk=34__loss=sharpe__gamma=20.0__kappa=1.0__omega=identity__mu=zscore,standard,34,sharpe,20.0,1.0,identity,zscore,0.9559375790052469,1.0210878903703622
universe_sweep,topk=34__loss=utility__gamma=10.0__kappa=1.0__omega=diagSigma__mu=zscore,standard,34,utility,10.0,1.0,diagSigma,zscore,0.146143811638467,1.1780915023682532
universe_sweep,topk=37__loss=return__gamma=5.0__kappa=1.0__omega=diagSigma__mu=zscore,standard,37,return,5.0,1.0,diagSigma,zscore,0.22953393806237726,0.8565713854169191
universe_sweep,topk=37__loss=sharpe__gamma=20.0__kappa=1.0__omega=identity__mu=zscore,standard,37,sharpe,20.0,1.0,identity,zscore,0.8980548625570081,1.096794934088956
universe_sweep,topk=37__loss=utility__gamma=10.0__kappa=1.0__omega=diagSigma__mu=zscore,standard,37,utility,10.0,1.0,diagSigma,zscore,0.020702785393223167,1.0818597361458717
universe_sweep,topk=40__loss=return__gamma=5.0__kappa=1.0__omega=diagSigma__mu=zscore,standard,40,return,5.0,1.0,diagSigma,zscore,0.2472501796146389,0.6991054992443195
universe_sweep,topk=40__loss=sharpe__gamma=20.0__kappa=1.0__omega=identity__mu=zscore,standard,40,sharpe,20.0,1.0,identity,zscore,1.0441753824612767,1.2369747734829664
universe_sweep,topk=40__loss=utility__gamma=10.0__kappa=1.0__omega=diagSigma__mu=zscore,standard,40,utility,10.0,1.0,diagSigma,zscore,0.04737873213598505,0.9660522276342972
universe_sweep,topk=42__loss=return__gamma=5.0__kappa=1.0__omega=diagSigma__mu=zscore,standard,42,return,5.0,1.0,diagSigma,zscore,0.20291955820284782,0.5823080670536273
universe_sweep,topk=42__loss=sharpe__gamma=20.0__kappa=1.0__omega=identity__mu=zscore,standard,42,sharpe,20.0,1.0,identity,zscore,1.0700165108861814,1.197675682235478
universe_sweep,topk=42__loss=utility__gamma=10.0__kappa=1.0__omega=diagSigma__mu=zscore,standard,42,utility,10.0,1.0,diagSigma,zscore,-0.017912587604951114,1.0086116837008485
universe_sweep,topk=47__loss=return__gamma=5.0__kappa=1.0__omega=diagSigma__mu=zscore,standard,47,return,5.0,1.0,diagSigma,zscore,0.24517361316829922,0.8302460808652653
universe_sweep,topk=47__loss=sharpe__gamma=20.0__kappa=1.0__omega=identity__mu=zscore,standard,47,sharpe,20.0,1.0,identity,zscore,1.0052139190010063,0.8904350793444913
universe_sweep,topk=47__loss=utility__gamma=10.0__kappa=1.0__omega=diagSigma__mu=zscore,standard,47,utility,10.0,1.0,diagSigma,zscore,0.20435223577951545,1.1008618662135938
universe_sweep,topk=48__loss=return__gamma=5.0__kappa=1.0__omega=diagSigma__mu=zscore,standard,48,return,5.0,1.0,diagSigma,zscore,0.22647264844272286,0.8213843190365651
universe_sweep,topk=48__loss=sharpe__gamma=20.0__kappa=1.0__omega=identity__mu=zscore,standard,48,sharpe,20.0,1.0,identity,zscore,1.1470461921460948,1.1160565662646902
universe_sweep,topk=48__loss=utility__gamma=10.0__kappa=1.0__omega=diagSigma__mu=zscore,standard,48,utility,10.0,1.0,diagSigma,zscore,0.02206186132971197,1.003402654086511
universe_sweep,topk=56__loss=return__gamma=5.0__kappa=1.0__omega=diagSigma__mu=zscore,standard,56,return,5.0,1.0,diagSigma,zscore,0.22376353558211123,1.0964367588701147
universe_sweep,topk=56__loss=sharpe__gamma=20.0__kappa=1.0__omega=identity__mu=zscore,standard,56,sharpe,20.0,1.0,identity,zscore,1.1621163229318763,1.0914680060991002
universe_sweep,topk=56__loss=utility__gamma=10.0__kappa=1.0__omega=diagSigma__mu=zscore,standard,56,utility,10.0,1.0,diagSigma,zscore,-0.0005268404813250527,0.7524195233516191
universe_sweep,topk=68__loss=return__gamma=5.0__kappa=1.0__omega=diagSigma__mu=zscore,standard,68,return,5.0,1.0,diagSigma,zscore,0.3006867631542263,0.7327251698004746
universe_sweep,topk=68__loss=sharpe__gamma=20.0__kappa=1.0__omega=identity__mu=zscore,standard,68,sharpe,20.0,1.0,identity,zscore,1.2325153515900296,1.1591746902920572
universe_sweep,topk=68__loss=utility__gamma=10.0__kappa=1.0__omega=diagSigma__mu=zscore,standard,68,utility,10.0,1.0,diagSigma,zscore,0.19720439667580647,1.2009357512892413
universe_sweep,topk=75__loss=return__gamma=5.0__kappa=1.0__omega=diagSigma__mu=zscore,standard,75,return,5.0,1.0,diagSigma,zscore,0.3572767009754898,1.1856387701454962
universe_sweep,topk=75__loss=sharpe__gamma=20.0__kappa=1.0__omega=identity__mu=zscore,standard,75,sharpe,20.0,1.0,identity,zscore,1.1991532421324558,1.1814371015680996
universe_sweep,topk=75__loss=utility__gamma=10.0__kappa=1.0__omega=diagSigma__mu=zscore,standard,75,utility,10.0,1.0,diagSigma,zscore,-0.008069075393723323,0.9952306844701677
universe_sweep,topk=83__loss=return__gamma=5.0__kappa=1.0__omega=diagSigma__mu=zscore,standard,83,return,5.0,1.0,diagSigma,zscore,0.24010727382265032,0.7387590488252982
universe_sweep,topk=83__loss=sharpe__gamma=20.0__kappa=1.0__omega=identity__mu=zscore,standard,83,sharpe,20.0,1.0,identity,zscore,1.210451909105672,1.1702783341123952
universe_sweep,topk=83__loss=utility__gamma=10.0__kappa=1.0__omega=diagSigma__mu=zscore,standard,83,utility,10.0,1.0,diagSigma,zscore,0.12009196904255076,1.2634244707901268
universe_sweep,topk=85__loss=return__gamma=5.0__kappa=1.0__omega=diagSigma__mu=zscore,standard,85,return,5.0,1.0,diagSigma,zscore,0.26988390281330793,1.198404165521065
universe_sweep,topk=85__loss=sharpe__gamma=20.0__kappa=1.0__omega=identity__mu=zscore,standard,85,sharpe,20.0,1.0,identity,zscore,1.2317658142390866,1.1403996529606983
universe_sweep,topk=85__loss=utility__gamma=10.0__kappa=1.0__omega=diagSigma__mu=zscore,standard,85,utility,10.0,1.0,diagSigma,zscore,0.16302033417159692,0.9627640059130943
universe_sweep,topk=86__loss=return__gamma=5.0__kappa=1.0__omega=diagSigma__mu=zscore,standard,86,return,5.0,1.0,diagSigma,zscore,0.2609566748840735,1.013157807952156
universe_sweep,topk=86__loss=sharpe__gamma=20.0__kappa=1.0__omega=identity__mu=zscore,standard,86,sharpe,20.0,1.0,identity,zscore,1.2089703266415406,1.0325661856634332
universe_sweep,topk=86__loss=utility__gamma=10.0__kappa=1.0__omega=diagSigma__mu=zscore,standard,86,utility,10.0,1.0,diagSigma,zscore,0.11543650103776598,0.8465353728026536
universe_sweep,topk=89__loss=return__gamma=5.0__kappa=1.0__omega=diagSigma__mu=zscore,standard,89,return,5.0,1.0,diagSigma,zscore,0.2139764977619052,0.9222478849159059
universe_sweep,topk=89__loss=sharpe__gamma=20.0__kappa=1.0__omega=identity__mu=zscore,standard,89,sharpe,20.0,1.0,identity,zscore,1.2081160874201882,1.1855223313349788
universe_sweep,topk=89__loss=utility__gamma=10.0__kappa=1.0__omega=diagSigma__mu=zscore,standard,89,utility,10.0,1.0,diagSigma,zscore,0.13999264815938658,1.4474681947174695
universe_sweep,topk=92__loss=return__gamma=5.0__kappa=1.0__omega=diagSigma__mu=zscore,standard,92,return,5.0,1.0,diagSigma,zscore,0.20023762767668815,0.8323138609604979
universe_sweep,topk=92__loss=sharpe__gamma=20.0__kappa=1.0__omega=identity__mu=zscore,standard,92,sharpe,20.0,1.0,identity,zscore,1.2593158092655041,1.1047604023115711
universe_sweep,topk=92__loss=utility__gamma=10.0__kappa=1.0__omega=diagSigma__mu=zscore,standard,92,utility,10.0,1.0,diagSigma,zscore,0.008605336406617425,0.8653424803483957
universe_sweep,topk=93__loss=return__gamma=5.0__kappa=1.0__omega=diagSigma__mu=zscore,standard,93,return,5.0,1.0,diagSigma,zscore,0.2987624500412494,0.48129027888297654
universe_sweep,topk=93__loss=sharpe__gamma=20.0__kappa=1.0__omega=identity__mu=zscore,standard,93,sharpe,20.0,1.0,identity,zscore,1.1900584701716719,1.115281730483069
universe_sweep,topk=93__loss=utility__gamma=10.0__kappa=1.0__omega=diagSigma__mu=zscore,standard,93,utility,10.0,1.0,diagSigma,zscore,0.09568515734863468,1.0075765081318329
universe_sweep,topk=94__loss=return__gamma=5.0__kappa=1.0__omega=diagSigma__mu=zscore,standard,94,return,5.0,1.0,diagSigma,zscore,0.314929721923545,1.030280031129424
universe_sweep,topk=94__loss=sharpe__gamma=20.0__kappa=1.0__omega=identity__mu=zscore,standard,94,sharpe,20.0,1.0,identity,zscore,1.2425053200051133,1.1507391873918418
universe_sweep,topk=94__loss=utility__gamma=10.0__kappa=1.0__omega=diagSigma__mu=zscore,standard,94,utility,10.0,1.0,diagSigma,zscore,0.08307034224853851,0.7580062061509737
summer_child_oneconfig,scenario=summer_child_no_dotcom_pre2007__topk=200__loss=utility__gamma=10.0__kappa=1.0__omega=diagSigma__mu=zscore,summer_child_no_dotcom_pre2007,200,utility,10.0,1.0,diagSigma,zscore,0.2722016353509389,0.8002970348634041
summer_child_oneconfig,scenario=summer_child_no_dotcom_pre2007__topk=30__loss=utility__gamma=10.0__kappa=1.0__omega=diagSigma__mu=zscore,summer_child_no_dotcom_pre2007,30,utility,10.0,1.0,diagSigma,zscore,0.259960868046619,0.9223060992338761
summer_child_sweep,scenario=summer_child_no_dotcom_pre2007__topk=21__loss=return__gamma=5.0__kappa=1.0__omega=diagSigma__mu=zscore,summer_child_no_dotcom_pre2007,21,return,5.0,1.0,diagSigma,zscore,0.3626696737483144,0.7285404341218953
summer_child_sweep,scenario=summer_child_no_dotcom_pre2007__topk=21__loss=sharpe__gamma=20.0__kappa=1.0__omega=identity__mu=zscore,summer_child_no_dotcom_pre2007,21,sharpe,20.0,1.0,identity,zscore,1.9312848023276046,1.0510289884626451
summer_child_sweep,scenario=summer_child_no_dotcom_pre2007__topk=21__loss=utility__gamma=10.0__kappa=1.0__omega=diagSigma__mu=zscore,summer_child_no_dotcom_pre2007,21,utility,10.0,1.0,diagSigma,zscore,0.3298871984006837,0.8932706254516232
summer_child_sweep,scenario=summer_child_no_dotcom_pre2007__topk=24__loss=return__gamma=5.0__kappa=1.0__omega=diagSigma__mu=zscore,summer_child_no_dotcom_pre2007,24,return,5.0,1.0,diagSigma,zscore,0.2969276728108525,0.6257822047472138
summer_child_sweep,scenario=summer_child_no_dotcom_pre2007__topk=24__loss=sharpe__gamma=20.0__kappa=1.0__omega=identity__mu=zscore,summer_child_no_dotcom_pre2007,24,sharpe,20.0,1.0,identity,zscore,1.5339731346057903,1.2011138893345368
summer_child_sweep,scenario=summer_child_no_dotcom_pre2007__topk=24__loss=utility__gamma=10.0__kappa=1.0__omega=diagSigma__mu=zscore,summer_child_no_dotcom_pre2007,24,utility,10.0,1.0,diagSigma,zscore,0.21870404353830963,1.478741786158005
summer_child_sweep,scenario=summer_child_no_dotcom_pre2007__topk=34__loss=return__gamma=5.0__kappa=1.0__omega=diagSigma__mu=zscore,summer_child_no_dotcom_pre2007,34,return,5.0,1.0,diagSigma,zscore,0.5186123785097152,1.673808799901342
summer_child_sweep,scenario=summer_child_no_dotcom_pre2007__topk=34__loss=sharpe__gamma=20.0__kappa=1.0__omega=identity__mu=zscore,summer_child_no_dotcom_pre2007,34,sharpe,20.0,1.0,identity,zscore,2.248352448144587,1.0903108068177392
summer_child_sweep,scenario=summer_child_no_dotcom_pre2007__topk=34__loss=utility__gamma=10.0__kappa=1.0__omega=diagSigma__mu=zscore,summer_child_no_dotcom_pre2007,34,utility,10.0,1.0,diagSigma,zscore,0.38882077450398356,1.030679817102366
summer_child_sweep,scenario=summer_child_no_dotcom_pre2007__topk=37__loss=return__gamma=5.0__kappa=1.0__omega=diagSigma__mu=zscore,summer_child_no_dotcom_pre2007,37,return,5.0,1.0,diagSigma,zscore,0.3479546383023262,0.8611322944937055
summer_child_sweep,scenario=summer_child_no_dotcom_pre2007__topk=37__loss=sharpe__gamma=20.0__kappa=1.0__omega=identity__mu=zscore,summer_child_no_dotcom_pre2007,37,sharpe,20.0,1.0,identity,zscore,2.37874096979661,1.0992690726185486
summer_child_sweep,scenario=summer_child_no_dotcom_pre2007__topk=37__loss=utility__gamma=10.0__kappa=1.0__omega=diagSigma__mu=zscore,summer_child_no_dotcom_pre2007,37,utility,10.0,1.0,diagSigma,zscore,0.1358264564187266,1.2866817139858795
summer_child_sweep,scenario=summer_child_no_dotcom_pre2007__topk=40__loss=return__gamma=5.0__kappa=1.0__omega=diagSigma__mu=zscore,summer_child_no_dotcom_pre2007,40,return,5.0,1.0,diagSigma,zscore,0.7925202106125653,0.922262544964284
summer_child_sweep,scenario=summer_child_no_dotcom_pre2007__topk=40__loss=sharpe__gamma=20.0__kappa=1.0__omega=identity__mu=zscore,summer_child_no_dotcom_pre2007,40,sharpe,20.0,1.0,identity,zscore,2.258027210201677,1.174017507608748
summer_child_sweep,scenario=summer_child_no_dotcom_pre2007__topk=40__loss=utility__gamma=10.0__kappa=1.0__omega=diagSigma__mu=zscore,summer_child_no_dotcom_pre2007,40,utility,10.0,1.0,diagSigma,zscore,0.17740458867046982,0.8319004176566146
summer_child_sweep,scenario=summer_child_no_dotcom_pre2007__topk=42__loss=return__gamma=5.0__kappa=1.0__omega=diagSigma__mu=zscore,summer_child_no_dotcom_pre2007,42,return,5.0,1.0,diagSigma,zscore,0.1660158601589501,0.9668728227321659
summer_child_sweep,scenario=summer_child_no_dotcom_pre2007__topk=42__loss=sharpe__gamma=20.0__kappa=1.0__omega=identity__mu=zscore,summer_child_no_dotcom_pre2007,42,sharpe,20.0,1.0,identity,zscore,2.4985333256726965,1.1212500270465997
summer_child_sweep,scenario=summer_child_no_dotcom_pre2007__topk=42__loss=utility__gamma=10.0__kappa=1.0__omega=diagSigma__mu=zscore,summer_child_no_dotcom_pre2007,42,utility,10.0,1.0,diagSigma,zscore,0.12132899439893663,1.1559833544908977
summer_child_sweep,scenario=summer_child_no_dotcom_pre2007__topk=47__loss=return__gamma=5.0__kappa=1.0__omega=diagSigma__mu=zscore,summer_child_no_dotcom_pre2007,47,return,5.0,1.0,diagSigma,zscore,-0.006246328353881836,0.8088229434129314
summer_child_sweep,scenario=summer_child_no_dotcom_pre2007__topk=47__loss=sharpe__gamma=20.0__kappa=1.0__omega=identity__mu=zscore,summer_child_no_dotcom_pre2007,47,sharpe,20.0,1.0,identity,zscore,2.7708982137744558,0.9698573741480239
summer_child_sweep,scenario=summer_child_no_dotcom_pre2007__topk=47__loss=utility__gamma=10.0__kappa=1.0__omega=diagSigma__mu=zscore,summer_child_no_dotcom_pre2007,47,utility,10.0,1.0,diagSigma,zscore,0.057167083490639925,0.9719193082105444
summer_child_sweep,scenario=summer_child_no_dotcom_pre2007__topk=48__loss=return__gamma=5.0__kappa=1.0__omega=diagSigma__mu=zscore,summer_child_no_dotcom_pre2007,48,return,5.0,1.0,diagSigma,zscore,0.5658414522185922,0.9943586690026005
summer_child_sweep,scenario=summer_child_no_dotcom_pre2007__topk=48__loss=sharpe__gamma=20.0__kappa=1.0__omega=identity__mu=zscore,summer_child_no_dotcom_pre2007,48,sharpe,20.0,1.0,identity,zscore,2.9026602552474583,1.1564639454823984
summer_child_sweep,scenario=summer_child_no_dotcom_pre2007__topk=48__loss=utility__gamma=10.0__kappa=1.0__omega=diagSigma__mu=zscore,summer_child_no_dotcom_pre2007,48,utility,10.0,1.0,diagSigma,zscore,0.40144429448992014,0.9140239934603381
summer_child_sweep,scenario=summer_child_no_dotcom_pre2007__topk=56__loss=return__gamma=5.0__kappa=1.0__omega=diagSigma__mu=zscore,summer_child_no_dotcom_pre2007,56,return,5.0,1.0,diagSigma,zscore,0.5331554245203733,0.9304559751931402
summer_child_sweep,scenario=summer_child_no_dotcom_pre2007__topk=56__loss=sharpe__gamma=20.0__kappa=1.0__omega=identity__mu=zscore,summer_child_no_dotcom_pre2007,56,sharpe,20.0,1.0,identity,zscore,2.4594108686700284,1.084083040236216
summer_child_sweep,scenario=summer_child_no_dotcom_pre2007__topk=56__loss=utility__gamma=10.0__kappa=1.0__omega=diagSigma__mu=zscore,summer_child_no_dotcom_pre2007,56,utility,10.0,1.0,diagSigma,zscore,0.15239901759196073,1.232257615138219
summer_child_sweep,scenario=summer_child_no_dotcom_pre2007__topk=68__loss=return__gamma=5.0__kappa=1.0__omega=diagSigma__mu=zscore,summer_child_no_dotcom_pre2007,68,return,5.0,1.0,diagSigma,zscore,0.3475775618571788,1.268413203589542
summer_child_sweep,scenario=summer_child_no_dotcom_pre2007__topk=68__loss=sharpe__gamma=20.0__kappa=1.0__omega=identity__mu=zscore,summer_child_no_dotcom_pre2007,68,sharpe,20.0,1.0,identity,zscore,3.6188514628935327,1.1935899381650437
summer_child_sweep,scenario=summer_child_no_dotcom_pre2007__topk=68__loss=utility__gamma=10.0__kappa=1.0__omega=diagSigma__mu=zscore,summer_child_no_dotcom_pre2007,68,utility,10.0,1.0,diagSigma,zscore,0.5395334414206445,0.7563220814073655
summer_child_sweep,scenario=summer_child_no_dotcom_pre2007__topk=75__loss=return__gamma=5.0__kappa=1.0__omega=diagSigma__mu=zscore,summer_child_no_dotcom_pre2007,75,return,5.0,1.0,diagSigma,zscore,0.41972396965138614,0.8802957422246581
summer_child_sweep,scenario=summer_child_no_dotcom_pre2007__topk=75__loss=sharpe__gamma=20.0__kappa=1.0__omega=identity__mu=zscore,summer_child_no_dotcom_pre2007,75,sharpe,20.0,1.0,identity,zscore,3.2468257473148334,1.216296083658521
summer_child_sweep,scenario=summer_child_no_dotcom_pre2007__topk=75__loss=utility__gamma=10.0__kappa=1.0__omega=diagSigma__mu=zscore,summer_child_no_dotcom_pre2007,75,utility,10.0,1.0,diagSigma,zscore,0.29813241539523005,0.9462970049489933
summer_child_sweep,scenario=summer_child_no_dotcom_pre2007__topk=83__loss=return__gamma=5.0__kappa=1.0__omega=diagSigma__mu=zscore,summer_child_no_dotcom_pre2007,83,return,5.0,1.0,diagSigma,zscore,0.3293228230904788,1.112599789428953
summer_child_sweep,scenario=summer_child_no_dotcom_pre2007__topk=83__loss=sharpe__gamma=20.0__kappa=1.0__omega=identity__mu=zscore,summer_child_no_dotcom_pre2007,83,sharpe,20.0,1.0,identity,zscore,2.9689061348255303,1.1405161402422375
summer_child_sweep,scenario=summer_child_no_dotcom_pre2007__topk=83__loss=utility__gamma=10.0__kappa=1.0__omega=diagSigma__mu=zscore,summer_child_no_dotcom_pre2007,83,utility,10.0,1.0,diagSigma,zscore,-0.026867771113757044,0.9819208314156784
summer_child_sweep,scenario=summer_child_no_dotcom_pre2007__topk=85__loss=return__gamma=5.0__kappa=1.0__omega=diagSigma__mu=zscore,summer_child_no_dotcom_pre2007,85,return,5.0,1.0,diagSigma,zscore,0.28231039457023144,0.5149002147339771
summer_child_sweep,scenario=summer_child_no_dotcom_pre2007__topk=85__loss=sharpe__gamma=20.0__kappa=1.0__omega=identity__mu=zscore,summer_child_no_dotcom_pre2007,85,sharpe,20.0,1.0,identity,zscore,3.422271484010444,1.2223900408455495
summer_child_sweep,scenario=summer_child_no_dotcom_pre2007__topk=85__loss=utility__gamma=10.0__kappa=1.0__omega=diagSigma__mu=zscore,summer_child_no_dotcom_pre2007,85,utility,10.0,1.0,diagSigma,zscore,-0.05657781317131594,0.8407017674925197
summer_child_sweep,scenario=summer_child_no_dotcom_pre2007__topk=86__loss=return__gamma=5.0__kappa=1.0__omega=diagSigma__mu=zscore,summer_child_no_dotcom_pre2007,86,return,5.0,1.0,diagSigma,zscore,0.5231202733702958,1.0032622958560191
summer_child_sweep,scenario=summer_child_no_dotcom_pre2007__topk=86__loss=sharpe__gamma=20.0__kappa=1.0__omega=identity__mu=zscore,summer_child_no_dotcom_pre2007,86,sharpe,20.0,1.0,identity,zscore,3.7748790459455654,1.1010172017640596
summer_child_sweep,scenario=summer_child_no_dotcom_pre2007__topk=86__loss=utility__gamma=10.0__kappa=1.0__omega=diagSigma__mu=zscore,summer_child_no_dotcom_pre2007,86,utility,10.0,1.0,diagSigma,zscore,0.06279978272505105,0.549088099824536
summer_child_sweep,scenario=summer_child_no_dotcom_pre2007__topk=89__loss=return__gamma=5.0__kappa=1.0__omega=diagSigma__mu=zscore,summer_child_no_dotcom_pre2007,89,return,5.0,1.0,diagSigma,zscore,0.4593005453934893,1.06539854796759
summer_child_sweep,scenario=summer_child_no_dotcom_pre2007__topk=89__loss=sharpe__gamma=20.0__kappa=1.0__omega=identity__mu=zscore,summer_child_no_dotcom_pre2007,89,sharpe,20.0,1.0,identity,zscore,3.225994991576498,1.1852729688720405
summer_child_sweep,scenario=summer_child_no_dotcom_pre2007__topk=89__loss=utility__gamma=10.0__kappa=1.0__omega=diagSigma__mu=zscore,summer_child_no_dotcom_pre2007,89,utility,10.0,1.0,diagSigma,zscore,0.07816903939237818,0.8903269437073905
summer_child_sweep,scenario=summer_child_no_dotcom_pre2007__topk=92__loss=return__gamma=5.0__kappa=1.0__omega=diagSigma__mu=zscore,summer_child_no_dotcom_pre2007,92,return,5.0,1.0,diagSigma,zscore,0.28399921068921685,1.3420191835704451
summer_child_sweep,scenario=summer_child_no_dotcom_pre2007__topk=92__loss=sharpe__gamma=20.0__kappa=1.0__omega=identity__mu=zscore,summer_child_no_dotcom_pre2007,92,sharpe,20.0,1.0,identity,zscore,3.646490213507158,1.1551164343993106
summer_child_sweep,scenario=summer_child_no_dotcom_pre2007__topk=92__loss=utility__gamma=10.0__kappa=1.0__omega=diagSigma__mu=zscore,summer_child_no_dotcom_pre2007,92,utility,10.0,1.0,diagSigma,zscore,0.026573312119580805,1.0550689422770891
summer_child_sweep,scenario=summer_child_no_dotcom_pre2007__topk=93__loss=return__gamma=5.0__kappa=1.0__omega=diagSigma__mu=zscore,summer_child_no_dotcom_pre2007,93,return,5.0,1.0,diagSigma,zscore,0.7235156483948231,0.9161669106287995
summer_child_sweep,scenario=summer_child_no_dotcom_pre2007__topk=93__loss=sharpe__gamma=20.0__kappa=1.0__omega=identity__mu=zscore,summer_child_no_dotcom_pre2007,93,sharpe,20.0,1.0,identity,zscore,2.845958416529844,1.0230174243268075
summer_child_sweep,scenario=summer_child_no_dotcom_pre2007__topk=93__loss=utility__gamma=10.0__kappa=1.0__omega=diagSigma__mu=zscore,summer_child_no_dotcom_pre2007,93,utility,10.0,1.0,diagSigma,zscore,0.14796177169773728,1.1649135953298049
summer_child_sweep,scenario=summer_child_no_dotcom_pre2007__topk=94__loss=return__gamma=5.0__kappa=1.0__omega=diagSigma__mu=zscore,summer_child_no_dotcom_pre2007,94,return,5.0,1.0,diagSigma,zscore,0.4642221429385245,0.5883068443227454
summer_child_sweep,scenario=summer_child_no_dotcom_pre2007__topk=94__loss=sharpe__gamma=20.0__kappa=1.0__omega=identity__mu=zscore,summer_child_no_dotcom_pre2007,94,sharpe,20.0,1.0,identity,zscore,2.3636191061536964,1.1648916453508154
summer_child_sweep,scenario=summer_child_no_dotcom_pre2007__topk=94__loss=utility__gamma=10.0__kappa=1.0__omega=diagSigma__mu=zscore,summer_child_no_dotcom_pre2007,94,utility,10.0,1.0,diagSigma,zscore,0.2466105778585188,0.9970864262668018
winter_wolf_oneconfig,scenario=winter_wolf_seen_2008_in_train__topk=200__loss=utility__gamma=10.0__kappa=1.0__omega=diagSigma__mu=zscore,winter_wolf_seen_2008_in_train,200,utility,10.0,1.0,diagSigma,zscore,0.04874612037868549,0.8578498138756904
winter_wolf_oneconfig,scenario=winter_wolf_seen_2008_in_train__topk=30__loss=utility__gamma=10.0__kappa=1.0__omega=diagSigma__mu=zscore,winter_wolf_seen_2008_in_train,30,utility,10.0,1.0,diagSigma,zscore,0.09399822346555689,1.0287519915733006
winter_wolf_sweep,scenario=winter_wolf_seen_2008_in_train__topk=21__loss=return__gamma=5.0__kappa=1.0__omega=diagSigma__mu=zscore,winter_wolf_seen_2008_in_train,21,return,5.0,1.0,diagSigma,zscore,0.07070437244450054,0.7630235624773671
winter_wolf_sweep,scenario=winter_wolf_seen_2008_in_train__topk=21__loss=sharpe__gamma=20.0__kappa=1.0__omega=identity__mu=zscore,winter_wolf_seen_2008_in_train,21,sharpe,20.0,1.0,identity,zscore,1.2770173262127669,1.1107811557850293
winter_wolf_sweep,scenario=winter_wolf_seen_2008_in_train__topk=21__loss=utility__gamma=10.0__kappa=1.0__omega=diagSigma__mu=zscore,winter_wolf_seen_2008_in_train,21,utility,10.0,1.0,diagSigma,zscore,0.1182298909019058,0.781893363352851
winter_wolf_sweep,scenario=winter_wolf_seen_2008_in_train__topk=24__loss=return__gamma=5.0__kappa=1.0__omega=diagSigma__mu=zscore,winter_wolf_seen_2008_in_train,24,return,5.0,1.0,diagSigma,zscore,0.33070469344966114,1.120316766940861
winter_wolf_sweep,scenario=winter_wolf_seen_2008_in_train__topk=24__loss=sharpe__gamma=20.0__kappa=1.0__omega=identity__mu=zscore,winter_wolf_seen_2008_in_train,24,sharpe,20.0,1.0,identity,zscore,1.0702105754149398,1.214349516099753
winter_wolf_sweep,scenario=winter_wolf_seen_2008_in_train__topk=24__loss=utility__gamma=10.0__kappa=1.0__omega=diagSigma__mu=zscore,winter_wolf_seen_2008_in_train,24,utility,10.0,1.0,diagSigma,zscore,-0.005342576497544845,1.086713376010038
winter_wolf_sweep,scenario=winter_wolf_seen_2008_in_train__topk=68__loss=return__gamma=5.0__kappa=1.0__omega=diagSigma__mu=zscore,winter_wolf_seen_2008_in_train,68,return,5.0,1.0,diagSigma,zscore,0.38457736710552126,0.8603728275428676
winter_wolf_sweep,scenario=winter_wolf_seen_2008_in_train__topk=68__loss=sharpe__gamma=20.0__kappa=1.0__omega=identity__mu=zscore,winter_wolf_seen_2008_in_train,68,sharpe,20.0,1.0,identity,zscore,1.6425549148772893,1.3153256230705823
winter_wolf_sweep,scenario=winter_wolf_seen_2008_in_train__topk=68__loss=utility__gamma=10.0__kappa=1.0__omega=diagSigma__mu=zscore,winter_wolf_seen_2008_in_train,68,utility,10.0,1.0,diagSigma,zscore,0.057302734892194465,1.18481800383027
winter_wolf_sweep,scenario=winter_wolf_seen_2008_in_train__topk=75__loss=return__gamma=5.0__kappa=1.0__omega=diagSigma__mu=zscore,winter_wolf_seen_2008_in_train,75,return,5.0,1.0,diagSigma,zscore,0.10890880754838386,1.0657436633411295
winter_wolf_sweep,scenario=winter_wolf_seen_2008_in_train__topk=75__loss=sharpe__gamma=20.0__kappa=1.0__omega=identity__mu=zscore,winter_wolf_seen_2008_in_train,75,sharpe,20.0,1.0,identity,zscore,1.707862932583319,1.2729880787975676
winter_wolf_sweep,scenario=winter_wolf_seen_2008_in_train__topk=75__loss=utility__gamma=10.0__kappa=1.0__omega=diagSigma__mu=zscore,winter_wolf_seen_2008_in_train,75,utility,10.0,1.0,diagSigma,zscore,-0.03019146795850247,0.6713035165092517
winter_wolf_sweep,scenario=winter_wolf_seen_2008_in_train__topk=93__loss=return__gamma=5.0__kappa=1.0__omega=diagSigma__mu=zscore,winter_wolf_seen_2008_in_train,93,return,5.0,1.0,diagSigma,zscore,0.16982789370619383,0.8421285836086181
winter_wolf_sweep,scenario=winter_wolf_seen_2008_in_train__topk=93__loss=sharpe__gamma=20.0__kappa=1.0__omega=identity__mu=zscore,winter_wolf_seen_2008_in_train,93,sharpe,20.0,1.0,identity,zscore,1.6319187985756411,1.1315542689859541
winter_wolf_sweep,scenario=winter_wolf_seen_2008_in_train__topk=93__loss=utility__gamma=10.0__kappa=1.0__omega=diagSigma__mu=zscore,winter_wolf_seen_2008_in_train,93,utility,10.0,1.0,diagSigma,zscore,0.102381583439031,1.2561900782875728
